name,category_id
S10_B07_R2_IMAG0141.JPG,5
S10_B09_R1_IMAG0107.JPG,8
S10_B09_R1_IMAG0294.JPG,8
S10_B09_R1_IMAG0612.JPG,8
S10_C03_R1_IMAG0226.JPG,4
S10_D03_R1_IMAG0036.JPG,8
S10_E04_R2_IMAG0275.JPG,8
S10_E04_R2_IMAG1275.JPG,5
S10_E05_R2_IMAG0100.JPG,8
S10_E06_R1_IMAG0194.JPG,8
S10_F09_R1_IMAG1600.JPG,16
S10_H02_R2_IMAG3324.JPG,8
S10_I04_R1_IMAG0042.JPG,8
S10_I04_R1_IMAG0252.JPG,19
S10_K09_R1_IMAG0796.JPG,13
S10_K09_R1_IMAG0802.JPG,13
S10_M08_R1_IMAG0275.JPG,15
S10_N06_R1_IMAG0415.JPG,6
S10_N06_R1_IMAG1407.JPG,13
S10_N06_R2_IMAG2758.JPG,20
S10_O08_R1_IMAG0538.JPG,15
S10_O08_R1_IMAG0539.JPG,15
S10_Q05_R2_IMAG0472.JPG,7
S10_Q08_R1_IMAG0221.JPG,6
S10_Q10_R1_IMAG5557.JPG,6
S10_R08_R1_IMAG0036.JPG,19
S10_S08_R1_IMAG1307.JPG,13
S1_C03_R2_PICT0467.JPG,5
S1_D04_R6_PICT0429.JPG,9
S1_D09_R1_PICT0095.JPG,2
S1_E05_R4_PICT0380.JPG,7
S1_E06_R1_PICT0037.JPG,0
S1_E06_R4_PICT1456.JPG,14
S1_F06_R2_PICT0250.JPG,16
S1_G01_R1_PICT0030.JPG,0
S1_G03_R4_PICT1283.JPG,18
S1_G07_R2_PICT0080.JPG,11
S1_G08_R1_PICT0468.JPG,13
S1_H01_R1_PICT0914.JPG,0
S1_H01_R1_PICT2760.JPG,0
S1_H06_R3_PICT0329.JPG,11
S1_H06_R3_PICT0597.JPG,13
S1_H06_R3_PICT0635.JPG,13
S1_H06_R3_PICT0646.JPG,13
S1_H06_R3_PICT0676.JPG,13
S1_H06_R3_PICT1064.JPG,11
S1_H06_R4_PICT1016.JPG,18
S1_H06_R4_PICT1017.JPG,18
S1_H07_R1_PICT0140.JPG,6
S1_H07_R1_PICT0536.JPG,16
S1_H13_R1_PICT0137.JPG,4
S1_I13_R1_PICT0138.JPG,11
S1_I13_R1_PICT0154.JPG,11
S1_J05_R4_PICT0194.JPG,13
S1_J05_R4_PICT0207.JPG,13
S1_K07_R1_PICT0592.JPG,3
S1_K10_R1_PICT0009.JPG,15
S1_K10_R1_PICT0010.JPG,15
S1_K10_R1_PICT0158.JPG,15
S1_K13_R1_PICT0067.JPG,6
S1_L07_R1_PICT0121.JPG,3
S1_L08_R1_PICT0559.JPG,18
S1_M10_R2_PICT0050.JPG,6
S1_N05_R1_PICT2850.JPG,12
S1_P07_R1_PICT0259.JPG,9
S1_P07_R1_PICT0951.JPG,1
S1_Q11_R1_PICT0363.JPG,6
S1_R10_R1_PICT0779.JPG,6
S1_R10_R2_PICT0100.JPG,17
S2_B07_R2_PICT0842.JPG,5
S2_C03_R3_IMAG0112.JPG,0
S2_C05_R3_IMAG0727.JPG,19
S2_C05_R3_IMAG0744.JPG,19
S2_C05_R3_IMAG1700.JPG,11
S2_C07_R1_PICT0144.JPG,20
S2_D02_R4_IMAG0430.JPG,20
S2_D02_R4_IMAG0575.JPG,20
S2_D03_R2_PICT0795.JPG,5
S2_D03_R3_PICT0684.JPG,0
S2_D04_R1_PICT0679.JPG,18
S2_D05_R1_PICT3015.JPG,13
S2_D05_R3_PICT0011.JPG,18
S2_D09_R3_PICT0340.JPG,2
S2_D09_R3_PICT0341.JPG,2
S2_D09_R3_PICT1253.JPG,11
S2_E01_R1_IMAG0083.JPG,0
S2_E02_R3_PICT0538.JPG,17
S2_E02_R3_PICT2732.JPG,9
S2_E02_R5_PICT0901.JPG,5
S2_E06_R1_IMAG0038.JPG,20
S2_E06_R1_IMAG0391.JPG,20
S2_E09_R3_IMAG0257.JPG,15
S2_F01_R2_IMAG0222.JPG,12
S2_F03_R1_PICT0313.JPG,20
S2_F03_R1_PICT0462.JPG,17
S2_F03_R1_PICT0464.JPG,17
S2_F04_R2_IMAG0420.JPG,17
S2_F05_R1_IMAG0035.JPG,18
S2_F05_R1_IMAG0133.JPG,6
S2_F05_R1_IMAG0491.JPG,17
S2_F11_R3_IMAG1235.JPG,3
S2_H02_R1_IMAG0023.JPG,0
S2_H02_R1_IMAG2176.JPG,17
S2_H06_R3_IMAG0278.JPG,15
S2_H06_R3_IMAG0305.JPG,15
S2_H06_R3_IMAG0374.JPG,15
S2_H06_R3_IMAG0611.JPG,15
S2_H07_R1_PICT0330.JPG,9
S2_H07_R1_PICT0747.JPG,1
S2_H07_R1_PICT2185.JPG,1
S2_H07_R2_PICT2930.JPG,9
S2_H07_R3_PICT0131.JPG,10
S2_H07_R3_PICT5145.JPG,9
S2_H11_R2_IMAG0111.JPG,9
S2_I06_R2_PICT0271.JPG,1
S2_I07_R5_PICT0162.JPG,1
S2_I10_R3_IMAG0408.JPG,9
S2_I12_R4_IMAG0275.JPG,3
S2_I12_R4_IMAG0314.JPG,3
S2_I13_R1_PICT0787.JPG,9
S2_I13_R2_PICT0460.JPG,9
S2_J07_R1_IMAG0145.JPG,18
S2_K03_R2_IMAG0057.JPG,17
S2_K07_R4_IMAG0265.JPG,18
S2_K09_R1_PICT0371.JPG,9
S2_L05_R3_PICT1617.JPG,13
S2_L05_R3_PICT1735.JPG,13
S2_L08_R1_IMAG0217.JPG,2
S2_M04_R2_IMAG0746.JPG,20
S2_M04_R2_IMAG2198.JPG,19
S2_M04_R2_IMAG2438.JPG,19
S2_M07_R2_IMAG0308.JPG,10
S2_M07_R2_IMAG0809.JPG,3
S2_M09_R1_IMAG0328.JPG,2
S2_M09_R1_IMAG0413.JPG,14
S2_M09_R1_IMAG0423.JPG,14
S2_M09_R1_IMAG0499.JPG,14
S2_M09_R2_IMAG0195.JPG,3
S2_M09_R2_IMAG0380.JPG,19
S2_M09_R3_IMAG0323.JPG,2
S2_M09_R3_IMAG0339.JPG,2
S2_M09_R3_IMAG0340.JPG,2
S2_M10_R1_PICT0362.JPG,7
S2_N06_R2_IMAG0304.JPG,3
S2_N08_R2_IMAG0098.JPG,2
S2_N09_R2_IMAG0281.JPG,3
S2_N09_R3_IMAG0249.JPG,17
S2_O05_R1_PICT0133.JPG,18
S2_O06_R2_IMAG0028.JPG,20
S2_P06_R3_IMAG0038.JPG,17
S2_P07_R3_IMAG0075.JPG,3
S2_P07_R3_IMAG0228.JPG,10
S2_P10_R3_IMAG0043.JPG,14
S2_Q08_R3_IMAG0067.JPG,13
S2_Q09_R3_IMAG0586.JPG,13
S2_Q09_R3_IMAG0589.JPG,13
S2_R07_R3_IMAG0177.JPG,2
S2_R07_R3_IMAG0235.JPG,2
S2_R09_R2_IMAG0232.JPG,9
S2_S11_R1_PICT3101.JPG,16
S2_U11_R1_IMAG0207.JPG,10
S2_V10_R1_PICT1188.JPG,16
S2_V10_R2_PICT0078.JPG,16
S2_V11_R2_PICT0284.JPG,3
S3_B06_R11_IMAG0437.JPG,17
S3_E03_R11_IMAG0506.JPG,12
S3_E04_R11_IMAG1148.JPG,0
S3_E04_R11_IMAG1189.JPG,17
S3_E05_R11_IMAG0230.JPG,0
S3_E05_R11_IMAG0275.JPG,4
S3_F01_R11_IMAG0215.JPG,12
S3_F10_R11_IMAG0052.JPG,17
S3_G01_R11_IMAG0092.JPG,1
S3_G13_R11_IMAG0098.JPG,6
S3_G13_R11_IMAG0119.JPG,6
S3_G13_R11_IMAG0120.JPG,6
S3_H02_R11_IMAG0014.JPG,3
S3_H02_R11_IMAG0877.JPG,10
S3_H08_R11_IMAG0358.JPG,14
S3_H08_R11_IMAG0361.JPG,14
S3_H08_R11_IMAG0363.JPG,14
S3_H08_R11_IMAG2642.JPG,5
S3_I02_R11_IMAG0335.JPG,6
S3_I04_R12_IMAG0955.JPG,10
S3_I05_R11_IMAG0013.JPG,3
S3_I08_R11_IMAG0066.JPG,9
S3_I13_R11_IMAG0666.JPG,14
S3_J03_R12_IMAG0164.JPG,1
S3_J04_R12_IMAG0219.JPG,9
S3_J05_R11_IMAG0871.JPG,11
S3_J05_R11_IMAG1048.JPG,11
S3_J06_R11_IMAG0052.JPG,20
S3_J06_R11_IMAG0254.JPG,20
S3_J10_R11_IMAG0299.JPG,1
S3_K03_R11_IMAG0013.JPG,10
S3_K04_R11_IMAG0072.JPG,20
S3_K05_R11_IMAG0243.JPG,3
S3_K07_R11_IMAG0465.JPG,9
S3_K07_R12_IMAG0814.JPG,9
S3_K07_R12_IMAG1077.JPG,1
S3_L10_R12_IMAG0326.JPG,11
S3_L10_R12_IMAG0327.JPG,11
S3_M03_R11_IMAG1240.JPG,0
S3_M08_R11_IMAG0202.JPG,11
S3_M08_R11_IMAG0623.JPG,5
S3_N06_R12_IMAG0070.JPG,16
S3_O05_R11_IMAG5442.JPG,6
S3_O07_R11_IMAG0322.JPG,13
S3_O07_R11_IMAG0554.JPG,11
S3_O10_R11_IMAG0225.JPG,10
S3_Q06_R11_IMAG0178.JPG,6
S3_Q06_R11_IMAG0776.JPG,10
S3_Q09_R11_IMAG0021.JPG,13
S3_Q09_R11_IMAG0022.JPG,13
S3_R06_R11_IMAG0689.JPG,10
S3_S08_R12_IMAG0057.JPG,18
S3_U10_R12_IMAG1383.JPG,0
S3_U10_R12_IMAG1388.JPG,0
S4_B06_R1_IMAG0043.JPG,12
S4_B06_R1_IMAG0139.JPG,0
S4_B06_R2_IMAG0694.JPG,12
S4_B06_R2_IMAG0753.JPG,12
S4_B06_R2_IMAG1012.JPG,12
S4_B06_R2_IMAG1078.JPG,12
S4_B06_R2_IMAG1102.JPG,12
S4_B07_R2_IMAG1679.JPG,19
S4_C02_R1_IMAG0212.JPG,1
S4_C02_R1_IMAG0418.JPG,1
S4_C02_R2_IMAG0170.JPG,18
S4_D02_R2_IMAG0355.JPG,18
S4_D04_R2_IMAG0230.JPG,18
S4_F12_R1_IMAG0712.JPG,4
S4_G02_R1_IMAG0048.JPG,12
S4_H07_R2_IMAG4903.JPG,9
S4_I02_R2_IMAG0132.JPG,0
S4_I04_R1_IMAG0074.JPG,10
S4_I04_R2_IMAG0101.JPG,10
S4_I04_R2_IMAG0424.JPG,10
S4_J03_R2_IMAG1480.JPG,18
S4_J05_R1_IMAG0322.JPG,6
S4_J10_R1_IMAG1975.JPG,1
S4_J13_R1_IMAG0072.JPG,15
S4_L01_R1_IMAG0023.JPG,12
S4_L01_R1_IMAG0157.JPG,4
S4_L03_R2_IMAG0128.JPG,12
S4_M08_R2_IMAG6262.JPG,19
S4_M13_R2_IMAG1083.JPG,19
S4_N04_R2_IMAG0057.JPG,12
S4_N06_R1_IMAG0701.JPG,6
S4_N08_R2_IMAG0622.JPG,19
S4_O06_R2_IMAG1162.JPG,4
S4_P07_R2_IMAG0175.JPG,15
S4_Q05_R2_IMAG1009.JPG,18
S4_Q08_R1_IMAG0039.JPG,18
S4_Q08_R2_IMAG0778.JPG,3
S4_R06_R2_IMAG1123.JPG,4
S4_R06_R2_IMAG1124.JPG,4
S4_R09_R2_IMAG0492.JPG,19
S4_S12_R2_IMAG1748.JPG,3
S4_S13_R2_IMAG0481.JPG,3
S4_S13_R2_IMAG0784.JPG,2
S4_U09_R2_IMAG0509.JPG,3
S4_U10_R1_IMAG0090.JPG,3
S4_U10_R1_IMAG0218.JPG,7
S4_U10_R3_IMAG0253.JPG,0
S5_B04_R1_IMAG0675.JPG,12
S5_B04_R3_IMAG0030.JPG,12
S5_B06_R2_IMAG0081.JPG,12
S5_B06_R3_IMAG0708.JPG,12
S5_B07_R2_IMAG0281.JPG,7
S5_B07_R2_IMAG1531.JPG,7
S5_B07_R2_IMAG1901.JPG,7
S5_B09_R1_IMAG0385.JPG,19
S5_B10_R2_IMAG0093.JPG,17
S5_B10_R2_IMAG0334.JPG,17
S5_B12_R1_IMAG1020.JPG,0
S5_B13_R1_IMAG1175.JPG,4
S5_C01_R2_IMAG0646.JPG,7
S5_C13_R2_IMAG0802.JPG,12
S5_D05_R2_IMAG4378.JPG,5
S5_D09_R4_IMAG0973.JPG,19
S5_E02_R1_IMAG0628.JPG,12
S5_E04_R1_IMAG3577.JPG,12
S5_E04_R2_IMAG0150.JPG,7
S5_E09_R1_IMAG0350.JPG,14
S5_E09_R1_IMAG0351.JPG,14
S5_E09_R1_IMAG0352.JPG,14
S5_E09_R2_IMAG1648.JPG,14
S5_E09_R2_IMAG1649.JPG,14
S5_F01_R2_IMAG0256.JPG,12
S5_F02_R3_IMAG0249.JPG,12
S5_F03_R3_IMAG0131.JPG,12
S5_G01_R2_IMAG0535.JPG,0
S5_G05_R3_IMAG0942.JPG,5
S5_G07_R2_IMAG0646.JPG,4
S5_G12_R2_IMAG0077.JPG,4
S5_H03_R2_IMAG0269.JPG,4
S5_H05_R3_IMAG0695.JPG,2
S5_H05_R3_IMAG0702.JPG,2
S5_H07_R1_IMAG4311.JPG,9
S5_H07_R1_IMAG5182.JPG,14
S5_H11_R1_IMAG0089.JPG,3
S5_I02_R2_IMAG0663.JPG,0
S5_I02_R2_IMAG0764.JPG,7
S5_I02_R3_IMAG0918.JPG,7
S5_I04_R1_IMAG0733.JPG,7
S5_I06_R2_IMAG0936.JPG,8
S5_J02_R2_IMAG0660.JPG,7
S5_J02_R3_IMAG0333.JPG,1
S5_J10_R1_IMAG0083.JPG,1
S5_J12_R1_IMAG0423.JPG,10
S5_J12_R2_IMAG0100.JPG,1
S5_K07_R2_IMAG0300.JPG,18
S5_K08_R1_IMAG0223.JPG,1
S5_K10_R3_IMAG0640.JPG,15
S5_L01_R2_IMAG0149.JPG,1
S5_L04_R3_IMAG1169.JPG,20
S5_L10_R2_IMAG0757.JPG,1
S5_M03_R1_IMAG0047.JPG,18
S5_M09_R3_IMAG1042.JPG,2
S5_M12_R1_IMAG4521.JPG,5
S5_N04_R1_IMAG0085.JPG,19
S5_N05_R2_IMAG0036.JPG,1
S5_N10_R1_IMAG0173.JPG,2
S5_P05_R3_IMAG0119.JPG,15
S5_P05_R3_IMAG0120.JPG,15
S5_P07_R1_IMAG0342.JPG,3
S5_P10_R2_IMAG0403.JPG,5
S5_Q11_R1_IMAG0194.JPG,18
S5_Q11_R1_IMAG0195.JPG,18
S5_R07_R1_IMAG0300.JPG,19
S5_S10_R1_IMAG1088.JPG,3
S5_S13_R1_IMAG0442.JPG,2
S5_S13_R1_IMAG5398.JPG,14
S5_T10_R1_IMAG0791.JPG,19
S5_T10_R4_IMAG1780.JPG,19
S5_T12_R1_IMAG0836.JPG,2
S5_T13_R3_IMAG1100.JPG,5
S5_U09_R4_IMAG1298.JPG,9
S5_U09_R4_IMAG1840.JPG,0
S5_U10_R1_IMAG1281.JPG,3
S5_U10_R4_IMAG0175.JPG,20
S5_U10_R4_IMAG4000.JPG,20
S5_U12_R3_IMAG0182.JPG,10
S5_U13_R1_IMAG0636.JPG,2
S5_U13_R3_IMAG1437.JPG,14
S5_U13_R3_IMAG1438.JPG,14
S5_U13_R3_IMAG1524.JPG,14
S6_B03_R2_IMAG0710.JPG,0
S6_B04_R2_IMAG0235.JPG,6
S6_B05_R2_IMAG0088.JPG,18
S6_B08_R2_IMAG0441.JPG,19
S6_B12_R2_IMAG0097.JPG,0
S6_C01_R2_IMAG0048.JPG,9
S6_C01_R2_IMAG0050.JPG,9
S6_C02_R2_IMAG0061.JPG,9
S6_C02_R2_IMAG0730.JPG,9
S6_C03_R2_IMAG0550.JPG,9
S6_C07_R2_IMAG2733.JPG,6
S6_C13_R2_IMAG0440.JPG,20
S6_D12_R1_IMAG0337.JPG,1
S6_E03_R2_IMAG1232.JPG,17
S6_E12_R2_IMAG0297.JPG,9
S6_F02_R1_IMAG0257.JPG,9
S6_F05_R1_IMAG1766.JPG,16
S6_F05_R1_IMAG1772.JPG,16
S6_F05_R1_IMAG1773.JPG,16
S6_F05_R1_IMAG1806.JPG,16
S6_F05_R1_IMAG1821.JPG,16
S6_G02_R2_IMAG0012.JPG,0
S6_H02_R1_IMAG0253.JPG,10
S6_H02_R2_IMAG0939.JPG,1
S6_H02_R2_IMAG3153.JPG,17
S6_H03_R1_IMAG0159.JPG,4
S6_H07_R2_IMAG1042.JPG,10
S6_H07_R2_IMAG2366.JPG,19
S6_I03_R2_IMAG0159.JPG,1
S6_I03_R2_IMAG0674.JPG,4
S6_I05_R2_IMAG0771.JPG,9
S6_J02_R2_IMAG0261.JPG,17
S6_J03_R1_IMAG0355.JPG,0
S6_J03_R1_IMAG0356.JPG,0
S6_J03_R1_IMAG0600.JPG,1
S6_J04_R1_IMAG0190.JPG,1
S6_J05_R2_IMAG0619.JPG,17
S6_J05_R2_IMAG0627.JPG,17
S6_J09_R2_IMAG0593.JPG,20
S6_K02_R2_IMAG0058.JPG,16
S6_L03_R2_IMAG0076.JPG,4
S6_L04_R1_IMAG0968.JPG,18
S6_L13_R2_IMAG2753.JPG,16
S6_L13_R2_IMAG2757.JPG,16
S6_L13_R2_IMAG2758.JPG,16
S6_L13_R2_IMAG2782.JPG,16
S6_L13_R2_IMAG2784.JPG,16
S6_M02_R2_IMAG0093.JPG,8
S6_N04_R1_IMAG0948.JPG,17
S6_N13_R2_IMAG0126.JPG,16
S6_O10_R2_IMAG0330.JPG,14
S6_P07_R2_IMAG0139.JPG,1
S6_R12_R2_IMAG0478.JPG,6
S6_R13_R2_IMAG1923.JPG,19
S6_S12_R2_IMAG2238.JPG,3
S6_T11_R1_IMAG0053.JPG,13
S6_T11_R2_IMAG0189.JPG,3
S6_U09_R1_IMAG0373.JPG,3
S6_U09_R1_IMAG0434.JPG,19
S6_U10_R2_IMAG0367.JPG,3
S7_B07_R1_IMAG0069.JPG,1
S7_B07_R2_IMAG2495.JPG,7
S7_B07_R3_IMAG0219.JPG,8
S7_B09_R3_IMAG0570.JPG,5
S7_C01_R1_IMAG0139.JPG,17
S7_C05_R3_IMAG2859.JPG,5
S7_C07_R1_IMAG1814.JPG,2
S7_D03_R2_IMAG0598.JPG,20
S7_D03_R2_IMAG0892.JPG,20
S7_D03_R2_IMAG1215.JPG,17
S7_D03_R3_IMAG0169.JPG,8
S7_D03_R3_IMAG0205.JPG,18
S7_D06_R2_IMAG0064.JPG,11
S7_D06_R2_IMAG0960.JPG,6
S7_D09_R3_IMAG3497.JPG,11
S7_E01_R2_IMAG0575.JPG,4
S7_E02_R1_IMAG0104.JPG,11
S7_E02_R1_IMAG0416.JPG,8
S7_E02_R1_IMAG1150.JPG,12
S7_E03_R1_IMAG1418.JPG,8
S7_E03_R1_IMAG1419.JPG,8
S7_E03_R1_IMAG2767.JPG,1
S7_E03_R2_IMAG2082.JPG,17
S7_E03_R3_IMAG0146.JPG,17
S7_E03_R3_IMAG0846.JPG,17
S7_E04_R3_IMAG0838.JPG,20
S7_E05_R3_IMAG0083.JPG,8
S7_E09_R3_IMAG0758.JPG,16
S7_E09_R3_IMAG2376.JPG,5
S7_E10_R2_IMAG0891.JPG,17
S7_E10_R2_IMAG0892.JPG,17
S7_F01_R3_IMAG0014.JPG,0
S7_F07_R1_IMAG0164.JPG,4
S7_F10_R1_IMAG0689.JPG,19
S7_G02_R3_IMAG0674.JPG,12
S7_G03_R3_IMAG0136.JPG,8
S7_G05_R2_IMAG0809.JPG,11
S7_G05_R2_IMAG0810.JPG,11
S7_G05_R2_IMAG0889.JPG,11
S7_G05_R2_IMAG0928.JPG,7
S7_G07_R3_IMAG0372.JPG,14
S7_H01_R1_IMAG0018.JPG,12
S7_H01_R2_IMAG0008.JPG,0
S7_H01_R3_IMAG0043.JPG,0
S7_H02_R1_IMAG0150.JPG,4
S7_H03_R3_IMAG0205.JPG,18
S7_H03_R3_IMAG0331.JPG,12
S7_H04_R3_IMAG0198.JPG,10
S7_H06_R1_IMAG6104.JPG,5
S7_H06_R2_IMAG0669.JPG,11
S7_H07_R1_IMAG2905.JPG,7
S7_H13_R3_IMAG0011.JPG,18
S7_I02_R1_IMAG0118.JPG,8
S7_I06_R3_IMAG1001.JPG,7
S7_J02_R2_IMAG0051.JPG,0
S7_J06_R2_IMAG0026.JPG,3
S7_L03_R3_IMAG0261.JPG,8
S7_L05_R2_IMAG2488.JPG,8
S7_L10_R3_IMAG0296.JPG,14
S7_M04_R2_IMAG0093.JPG,1
S7_M04_R2_IMAG0454.JPG,1
S7_M05_R2_IMAG3276.JPG,7
S7_M05_R3_IMAG0196.JPG,7
S7_M09_R3_IMAG0261.JPG,6
S7_N04_R1_IMAG2490.JPG,8
S7_N08_R3_IMAG0765.JPG,10
S7_N08_R3_IMAG0774.JPG,10
S7_N09_R2_IMAG0277.JPG,6
S7_N09_R3_IMAG1840.JPG,7
S7_O06_R2_IMAG0674.JPG,10
S7_O08_R1_IMAG0221.JPG,3
S7_O08_R3_IMAG0295.JPG,6
S7_O08_R3_IMAG0621.JPG,10
S7_O10_R2_IMAG0255.JPG,10
S7_O10_R3_IMAG0428.JPG,10
S7_O10_R3_IMAG0519.JPG,1
S7_O11_R2_IMAG0349.JPG,9
S7_O11_R2_IMAG0363.JPG,9
S7_P07_R1_IMAG0092.JPG,4
S7_P10_R1_IMAG0926.JPG,13
S7_P10_R3_IMAG0278.JPG,3
S7_P12_R1_IMAG0078.JPG,19
S7_Q08_R4_IMAG0334.JPG,6
S7_R13_R3_IMAG0756.JPG,5
S7_S09_R2_IMAG1320.JPG,12
S7_S09_R3_IMAG1116.JPG,10
S7_S13_R1_IMAG0902.JPG,6
S7_T13_R1_IMAG0006.JPG,13
S7_U10_R1_IMAG1330.JPG,17
S7_U10_R2_IMAG0220.JPG,18
S7_U11_R2_IMAG0126.JPG,10
S7_U11_R2_IMAG0234.JPG,10
S7_U11_R2_IMAG0322.JPG,10
S8_B05_R3_IMAG0139.JPG,12
S8_C04_R3_IMAG1677.JPG,18
S8_C05_R2_IMAG0015.JPG,13
S8_C07_R3_IMAG2825.JPG,20
S8_C11_R2_IMAG1299.JPG,17
S8_D03_R2_IMAG0184.JPG,8
S8_D04_R1_IMAG0484.JPG,0
S8_D08_R1_IMAG0405.JPG,5
S8_D08_R1_IMAG1454.JPG,7
S8_E05_R1_IMAG0270.JPG,8
S8_F01_R2_IMAG0576.JPG,4
S8_F09_R3_IMAG0229.JPG,14
S8_G05_R2_IMAG0162.JPG,18
S8_G12_R1_IMAG0511.JPG,4
S8_I05_R1_IMAG0869.JPG,6
S8_I07_R2_IMAG1005.JPG,5
S8_I07_R2_IMAG2116.JPG,4
S8_J09_R2_IMAG1599.JPG,15
S8_J09_R3_IMAG0469.JPG,14
S8_J09_R3_IMAG0471.JPG,14
S8_J09_R3_IMAG0777.JPG,15
S8_J09_R3_IMAG0779.JPG,15
S8_J09_R3_IMAG0792.JPG,15
S8_J09_R3_IMAG0822.JPG,4
S8_J09_R3_IMAG0903.JPG,15
S8_J09_R3_IMAG0904.JPG,15
S8_J09_R3_IMAG1356.JPG,4
S8_K07_R2_IMAG0611.JPG,16
S8_L11_R1_IMAG4435.JPG,5
S8_L11_R3_IMAG2844.JPG,16
S8_M02_R2_IMAG3304.JPG,5
S8_M06_R3_IMAG0140.JPG,14
S8_M06_R3_IMAG0143.JPG,14
S8_M10_R1_IMAG0773.JPG,5
S8_N06_R2_IMAG4121.JPG,20
S8_N10_R3_IMAG2667.JPG,7
S8_O03_R2_IMAG1494.JPG,19
S8_O05_R2_IMAG1841.JPG,19
S8_O09_R2_IMAG01996.JPG,2
S8_O10_R1_IMAG0016.JPG,2
S8_P04_R3_IMAG0020.JPG,4
S8_P05_R3_IMAG1139.JPG,7
S8_P09_R3_IMAG0056.JPG,7
S8_P10_R1_IMAG0264.JPG,16
S8_P10_R1_IMAG0860.JPG,16
S8_P10_R2_IMAG0136.JPG,16
S8_P10_R2_IMAG0412.JPG,2
S8_Q04_R2_IMAG1244.JPG,16
S8_Q07_R2_IMAG0428.JPG,20
S8_Q09_R2_IMAG0019.JPG,16
S8_Q09_R3_IMAG0571.JPG,6
S8_R10_R2_IMAG0367.JPG,11
S9_C06_R3_IMAG0907.JPG,19
S9_C07_R1_IMAG2075.JPG,13
S9_C07_R2_IMAG1677.JPG,20
S9_C07_R2_IMAG1719.JPG,20
S9_C07_R2_IMAG2142.JPG,20
S9_C07_R3_IMAG0027.JPG,19
S9_C07_R3_IMAG0264.JPG,2
S9_C09_R1_IMAG0009.JPG,8
S9_C11_R1_IMAG1430.JPG,20
S9_D03_R1_IMAG0472.JPG,19
S9_D06_R2_IMAG0026.JPG,2
S9_D09_R2_IMAG4011.JPG,5
S9_E01_R1_IMAG0356.JPG,20
S9_E02_R2_IMAG1514.JPG,16
S9_E03_R3_IMAG0201.JPG,11
S9_E12_R2_IMAG1336.JPG,5
S9_F02_R3_IMAG0107.JPG,4
S9_F10_R1_IMAG0407.JPG,2
S9_F10_R1_IMAG0602.JPG,13
S9_F10_R1_IMAG0725.JPG,13
S9_F10_R1_IMAG0768.JPG,13
S9_F10_R1_IMAG0770.JPG,13
S9_F10_R1_IMAG0787.JPG,13
S9_F11_R1_IMAG0029.JPG,5
S9_G05_R2_IMAG0109.JPG,11
S9_G05_R2_IMAG0118.JPG,11
S9_G11_R2_IMAG2293.JPG,18
S9_G11_R2_IMAG2633.JPG,7
S9_G12_R2_IMAG0476.JPG,15
S9_G12_R2_IMAG2686.JPG,5
S9_H06_R3_IMAG0787.JPG,5
S9_I04_R1_IMAG0410.JPG,8
S9_I08_R3_IMAG0626.JPG,4
S9_J04_R1_IMAG0143.JPG,8
S9_J09_R2_IMAG0414.JPG,4
S9_J09_R2_IMAG0425.JPG,4
S9_J12_R3_IMAG0028.JPG,2
S9_J12_R3_IMAG0039.JPG,2
S9_J13_R1_IMAG0436.JPG,16
S9_J13_R3_IMAG0770.JPG,16
S9_K06_R1_IMAG0083.JPG,7
S9_L08_R2_IMAG0244.JPG,20
S9_M05_R1_IMAG1473.JPG,10
S9_M05_R2_IMAG0693.JPG,11
S9_M05_R2_IMAG0722.JPG,14
S9_M06_R4_IMAG2230.JPG,2
S9_M07_R2_IMAG0452.JPG,11
S9_M09_R2_IMAG1083.JPG,19
S9_N07_R2_IMAG0083.JPG,11
S9_N07_R2_IMAG0110.JPG,7
S9_N07_R2_IMAG0211.JPG,7
S9_N10_R1_IMAG1465.JPG,11
S9_O07_R1_IMAG2633.JPG,11
S9_O08_R2_IMAG0375.JPG,15
S9_O08_R2_IMAG0376.JPG,15
S9_O08_R2_IMAG0377.JPG,15
S9_O10_R1_IMAG0107.JPG,10
S9_P05_R3_IMAG0781.JPG,11
S9_P10_R1_IMAG0153.JPG,15
S9_P10_R1_IMAG0159.JPG,15
S9_P13_R1_IMAG0305.JPG,2
S9_R08_R3_IMAG0649.JPG,20
SER_S11_C01_R1_IMAG1931.JPG,7
SER_S11_C02_R2_IMAG0271.JPG,7
SER_S11_E02_R2_IMAG0704.JPG,9
SER_S11_E03_R1_IMAG0608.JPG,15
SER_S11_E03_R1_IMAG0620.JPG,15
SER_S11_E05_R1_IMAG0411.JPG,4
SER_S11_G07_R2_IMAG3024.JPG,8
SER_S11_I02_R2_IMAG0169.JPG,8
SER_S11_J05_R1_IMAG0240.JPG,14
SER_S11_J05_R1_IMAG0241.JPG,14
SER_S11_J09_R2_IMAG3099.JPG,5
SER_S11_L13_R2_IMAG1601.JPG,5
SER_S11_N06_R1_IMAG2348.JPG,8
SER_S11_O06_R1_IMAG0135.JPG,6
SER_S11_Q05_R2_IMAG0111.JPG,6
